user001,pass001,StoreManager
user002,pass002,StoreManager
user003,pass003,StoreManager
user004,pass004,StoreManager
user005,pass005,StoreManager
user006,pass006,StoreManager
user007,pass007,StoreManager
user008,pass008,StoreManager
user009,pass009,StoreManager
user010,pass010,StoreManager
user011,pass011,StoreManager
user012,pass012,StoreManager
user013,pass013,StoreManager
user014,pass014,StoreManager
user015,pass015,StoreManager
user016,pass016,StoreManager
user017,pass017,StoreManager
user018,pass018,StoreManager
user019,pass019,StoreManager
user020,pass020,StoreManager
user021,pass021,StoreManager
user022,pass022,StoreManager
user023,pass023,StoreManager
user024,pass024,StoreManager
user025,pass025,StoreManager
user026,pass026,StoreManager
user027,pass027,StoreManager
user028,pass028,StoreManager
user029,pass029,StoreManager
user030,pass030,StoreManager
user031,pass031,StoreManager
user032,pass032,StoreManager
user033,pass033,StoreManager
user034,pass034,StoreManager
user035,pass035,StoreManager
user036,pass036,StoreManager
user037,pass037,StoreManager
user038,pass038,StoreManager
user039,pass039,StoreManager
user040,pass040,StoreManager
user041,pass041,StoreManager
user042,pass042,StoreManager
user043,pass043,StoreManager
user044,pass044,StoreManager
user045,pass045,StoreManager
user046,pass046,StoreManager
user047,pass047,StoreManager
user048,pass048,StoreManager
user049,pass049,StoreManager
user050,pass050,StoreManager
user051,pass051,StoreManager
user052,pass052,StoreManager
user053,pass053,StoreManager
user054,pass054,StoreManager
user055,pass055,StoreManager
user056,pass056,StoreManager
user057,pass057,StoreManager
user058,pass058,StoreManager
user059,pass059,StoreManager
user060,pass060,StoreManager
user061,pass061,StoreManager
user062,pass062,StoreManager
user063,pass063,StoreManager
user064,pass064,StoreManager
user065,pass065,StoreManager
user066,pass066,StoreManager
user067,pass067,StoreManager
user068,pass068,StoreManager
user069,pass069,StoreManager
user070,pass070,StoreManager
user071,pass071,StoreManager
user072,pass072,StoreManager
user073,pass073,StoreManager
user074,pass074,StoreManager
user075,pass075,StoreManager
user076,pass076,StoreManager
user077,pass077,StoreManager
user078,pass078,StoreManager
user079,pass079,StoreManager
user080,pass080,StoreManager
user081,pass081,StoreManager
user082,pass082,StoreManager
user083,pass083,StoreManager
user084,pass084,StoreManager
user085,pass085,StoreManager
user086,pass086,StoreManager
user087,pass087,StoreManager
user088,pass088,StoreManager
user089,pass089,StoreManager
user090,pass090,StoreManager
user091,pass091,StoreManager
user092,pass092,StoreManager
user093,pass093,StoreManager
user094,pass094,StoreManager
user095,pass095,StoreManager
user096,pass096,StoreManager
user097,pass097,StoreManager
user098,pass098,StoreManager
user099,pass099,StoreManager
user100,pass100,StoreManager
user1001,pass1001,Corporate
user1002,pass1002,Marketing
user101,pass101,StoreManager
user102,pass102,StoreManager
user103,pass103,StoreManager
user104,pass104,StoreManager
user105,pass105,StoreManager
user106,pass106,StoreManager
user107,pass107,StoreManager
user108,pass108,StoreManager
user109,pass109,StoreManager
user110,pass110,StoreManager
user111,pass111,StoreManager
user112,pass112,StoreManager
user113,pass113,StoreManager
user114,pass114,StoreManager
user115,pass115,StoreManager
user116,pass116,StoreManager
user117,pass117,StoreManager
user118,pass118,StoreManager
user119,pass119,StoreManager
user120,pass120,StoreManager
user121,pass121,StoreManager
user122,pass122,StoreManager
user123,pass123,StoreManager
user124,pass124,StoreManager
user125,pass125,StoreManager
user126,pass126,StoreManager
user127,pass127,StoreManager
user128,pass128,StoreManager
user129,pass129,StoreManager
user130,pass130,StoreManager
user131,pass131,StoreManager
user132,pass132,StoreManager
user133,pass133,StoreManager
user134,pass134,StoreManager
user135,pass135,StoreManager
user136,pass136,StoreManager
user137,pass137,StoreManager
user138,pass138,StoreManager
user139,pass139,StoreManager
user140,pass140,StoreManager
user141,pass141,StoreManager
user142,pass142,StoreManager
user143,pass143,StoreManager
user144,pass144,StoreManager
user145,pass145,StoreManager
user146,pass146,StoreManager
user147,pass147,StoreManager
user148,pass148,StoreManager
user149,pass149,StoreManager
user150,pass150,StoreManager
user151,pass151,StoreManager
user152,pass152,StoreManager
user153,pass153,StoreManager
user154,pass154,StoreManager
user155,pass155,StoreManager
user156,pass156,StoreManager
user157,pass157,StoreManager
user158,pass158,StoreManager
user159,pass159,StoreManager
user160,pass160,StoreManager
user161,pass161,StoreManager
user162,pass162,StoreManager
user163,pass163,StoreManager
user164,pass164,StoreManager
user165,pass165,StoreManager
user166,pass166,StoreManager
user167,pass167,StoreManager
user168,pass168,StoreManager
user169,pass169,StoreManager
user170,pass170,StoreManager
user171,pass171,StoreManager
user172,pass172,StoreManager
user173,pass173,StoreManager
user174,pass174,StoreManager
user175,pass175,StoreManager
user176,pass176,StoreManager
user177,pass177,StoreManager
user178,pass178,StoreManager
user179,pass179,StoreManager
user180,pass180,StoreManager
user181,pass181,StoreManager
user182,pass182,StoreManager
user183,pass183,StoreManager
user184,pass184,StoreManager
user185,pass185,StoreManager
user186,pass186,StoreManager
user187,pass187,StoreManager
user188,pass188,StoreManager
user189,pass189,StoreManager
user190,pass190,StoreManager
user191,pass191,StoreManager
user192,pass192,StoreManager
user193,pass193,StoreManager
user194,pass194,StoreManager
user195,pass195,StoreManager
user196,pass196,StoreManager
user197,pass197,StoreManager
user198,pass198,StoreManager
user199,pass199,StoreManager
user200,pass200,StoreManager
user201,pass201,StoreManager
user202,pass202,StoreManager
user203,pass203,StoreManager
user204,pass204,StoreManager
user205,pass205,StoreManager
user206,pass206,StoreManager
user207,pass207,StoreManager
user208,pass208,StoreManager
user209,pass209,StoreManager
user210,pass210,StoreManager
user211,pass211,StoreManager
user212,pass212,StoreManager
user213,pass213,StoreManager
user214,pass214,StoreManager
user215,pass215,StoreManager
user216,pass216,StoreManager
user217,pass217,StoreManager
user218,pass218,StoreManager
user219,pass219,StoreManager
user220,pass220,StoreManager
user221,pass221,StoreManager
user222,pass222,StoreManager
user223,pass223,StoreManager
user224,pass224,StoreManager
user225,pass225,StoreManager
user226,pass226,StoreManager
user227,pass227,StoreManager
user228,pass228,StoreManager
user229,pass229,StoreManager
user230,pass230,StoreManager
user231,pass231,StoreManager
user232,pass232,StoreManager
user233,pass233,StoreManager
user234,pass234,StoreManager
user235,pass235,StoreManager
user236,pass236,StoreManager
user237,pass237,StoreManager
user238,pass238,StoreManager
user239,pass239,StoreManager
user240,pass240,StoreManager
user241,pass241,StoreManager
user242,pass242,StoreManager
user243,pass243,StoreManager
user244,pass244,StoreManager
user245,pass245,StoreManager
user246,pass246,StoreManager
user247,pass247,StoreManager
user248,pass248,StoreManager
user249,pass249,StoreManager
user250,pass250,StoreManager
user251,pass251,StoreManager
user252,pass252,StoreManager
user253,pass253,StoreManager
user254,pass254,StoreManager
user255,pass255,StoreManager
user256,pass256,StoreManager
user257,pass257,StoreManager
user258,pass258,StoreManager
user259,pass259,StoreManager
user260,pass260,StoreManager
user261,pass261,StoreManager
user262,pass262,StoreManager
user263,pass263,StoreManager
user264,pass264,StoreManager
user265,pass265,StoreManager
user266,pass266,StoreManager
user267,pass267,StoreManager
user268,pass268,StoreManager
user269,pass269,StoreManager
user270,pass270,StoreManager
user271,pass271,StoreManager
user272,pass272,StoreManager
user273,pass273,StoreManager
user274,pass274,StoreManager
user275,pass275,StoreManager
user276,pass276,StoreManager
user277,pass277,StoreManager
user278,pass278,StoreManager
user279,pass279,StoreManager
user280,pass280,StoreManager
user281,pass281,StoreManager
user282,pass282,StoreManager
user283,pass283,StoreManager
user284,pass284,StoreManager
user285,pass285,StoreManager
user286,pass286,StoreManager
user287,pass287,StoreManager
user288,pass288,StoreManager
user289,pass289,StoreManager
user290,pass290,StoreManager
user291,pass291,StoreManager
user292,pass292,StoreManager
user293,pass293,StoreManager
user294,pass294,StoreManager
user295,pass295,StoreManager
user296,pass296,StoreManager
user297,pass297,StoreManager
user298,pass298,StoreManager
user299,pass299,StoreManager
user300,pass300,StoreManager
user301,pass301,StoreManager
user302,pass302,StoreManager
user303,pass303,StoreManager
user304,pass304,StoreManager
user305,pass305,StoreManager
user306,pass306,StoreManager
user307,pass307,StoreManager
user308,pass308,StoreManager
user309,pass309,StoreManager
user310,pass310,StoreManager
user311,pass311,StoreManager
user312,pass312,StoreManager
user313,pass313,StoreManager
user314,pass314,StoreManager
user315,pass315,StoreManager
user316,pass316,StoreManager
user317,pass317,StoreManager
user318,pass318,StoreManager
user319,pass319,StoreManager
user320,pass320,StoreManager
user321,pass321,StoreManager
user322,pass322,StoreManager
user323,pass323,StoreManager
user324,pass324,StoreManager
user325,pass325,StoreManager
user326,pass326,StoreManager
user327,pass327,StoreManager
user328,pass328,StoreManager
user329,pass329,StoreManager
user330,pass330,StoreManager
user331,pass331,StoreManager
user332,pass332,StoreManager
user333,pass333,StoreManager
user334,pass334,StoreManager
user335,pass335,StoreManager
user336,pass336,StoreManager
user337,pass337,StoreManager
user338,pass338,StoreManager
user339,pass339,StoreManager
user340,pass340,StoreManager
user341,pass341,StoreManager
user342,pass342,StoreManager
user343,pass343,StoreManager
user344,pass344,StoreManager
user345,pass345,StoreManager
user346,pass346,StoreManager
user347,pass347,StoreManager
user348,pass348,StoreManager
user349,pass349,StoreManager
user350,pass350,StoreManager
user351,pass351,StoreManager
user352,pass352,StoreManager
user353,pass353,StoreManager
user354,pass354,StoreManager
user355,pass355,StoreManager
user356,pass356,StoreManager
user357,pass357,StoreManager
user358,pass358,StoreManager
user359,pass359,StoreManager
user360,pass360,StoreManager
user361,pass361,StoreManager
user362,pass362,StoreManager
user363,pass363,StoreManager
user364,pass364,StoreManager
user365,pass365,StoreManager
user366,pass366,StoreManager
user367,pass367,StoreManager
user368,pass368,StoreManager
user369,pass369,StoreManager
user370,pass370,StoreManager
user371,pass371,StoreManager
user372,pass372,StoreManager
user373,pass373,StoreManager
user374,pass374,StoreManager
user375,pass375,StoreManager
user376,pass376,StoreManager
user377,pass377,StoreManager
user378,pass378,StoreManager
user379,pass379,StoreManager
user380,pass380,StoreManager
user381,pass381,StoreManager
user382,pass382,StoreManager
user383,pass383,StoreManager
user384,pass384,StoreManager
user385,pass385,StoreManager
user386,pass386,StoreManager
user387,pass387,StoreManager
user388,pass388,StoreManager
user389,pass389,StoreManager
user390,pass390,StoreManager
user391,pass391,StoreManager
user392,pass392,StoreManager
user393,pass393,StoreManager
user394,pass394,StoreManager
user395,pass395,StoreManager
user396,pass396,StoreManager
user397,pass397,StoreManager
user398,pass398,StoreManager
user399,pass399,StoreManager
user400,pass400,StoreManager
user401,pass401,StoreManager
user402,pass402,StoreManager
user403,pass403,StoreManager
user404,pass404,StoreManager
user405,pass405,StoreManager
user406,pass406,StoreManager
user407,pass407,StoreManager
user408,pass408,StoreManager
user409,pass409,StoreManager
user410,pass410,StoreManager
user411,pass411,StoreManager
user412,pass412,StoreManager
user413,pass413,StoreManager
user414,pass414,StoreManager
user415,pass415,StoreManager
user416,pass416,StoreManager
user417,pass417,StoreManager
user418,pass418,StoreManager
user419,pass419,StoreManager
user420,pass420,StoreManager
user421,pass421,StoreManager
user422,pass422,StoreManager
user423,pass423,StoreManager
user424,pass424,StoreManager
user425,pass425,StoreManager
user426,pass426,StoreManager
user427,pass427,StoreManager
user428,pass428,StoreManager
user429,pass429,StoreManager
user430,pass430,StoreManager
user431,pass431,StoreManager
user432,pass432,StoreManager
user433,pass433,StoreManager
user434,pass434,StoreManager
user435,pass435,StoreManager
user436,pass436,StoreManager
user437,pass437,StoreManager
user438,pass438,StoreManager
user439,pass439,StoreManager
user440,pass440,StoreManager
user441,pass441,StoreManager
user442,pass442,StoreManager
user443,pass443,StoreManager
user444,pass444,StoreManager
user445,pass445,StoreManager
user446,pass446,StoreManager
user447,pass447,StoreManager
user448,pass448,StoreManager
user449,pass449,StoreManager
user450,pass450,StoreManager
user451,pass451,StoreManager
user452,pass452,StoreManager
user453,pass453,StoreManager
user454,pass454,StoreManager
user455,pass455,StoreManager
user456,pass456,StoreManager
user457,pass457,StoreManager
user458,pass458,StoreManager
user459,pass459,StoreManager
user460,pass460,StoreManager
user461,pass461,StoreManager
user462,pass462,StoreManager
user463,pass463,StoreManager
user464,pass464,StoreManager
user465,pass465,StoreManager
user466,pass466,StoreManager
user467,pass467,StoreManager
user468,pass468,StoreManager
user469,pass469,StoreManager
user470,pass470,StoreManager
user471,pass471,StoreManager
user472,pass472,StoreManager
user473,pass473,StoreManager
user474,pass474,StoreManager
user475,pass475,StoreManager
user476,pass476,StoreManager
user477,pass477,StoreManager
user478,pass478,StoreManager
user479,pass479,StoreManager
user480,pass480,StoreManager
user481,pass481,StoreManager
user482,pass482,StoreManager
user483,pass483,StoreManager
user484,pass484,StoreManager
user485,pass485,StoreManager
user486,pass486,StoreManager
user487,pass487,StoreManager
user488,pass488,StoreManager
user489,pass489,StoreManager
user490,pass490,StoreManager
user491,pass491,StoreManager
user492,pass492,StoreManager
user493,pass493,StoreManager
user494,pass494,StoreManager
user495,pass495,StoreManager
user496,pass496,StoreManager
user497,pass497,StoreManager
user498,pass498,StoreManager
user499,pass499,StoreManager
user500,pass500,StoreManager
user501,pass501,StoreManager
user502,pass502,StoreManager
user503,pass503,StoreManager
user504,pass504,StoreManager
user505,pass505,StoreManager
user506,pass506,StoreManager
user507,pass507,StoreManager
user508,pass508,StoreManager
user509,pass509,StoreManager
user510,pass510,StoreManager
user511,pass511,StoreManager
user512,pass512,StoreManager
user513,pass513,StoreManager
user514,pass514,StoreManager
user515,pass515,StoreManager
user516,pass516,StoreManager
user517,pass517,StoreManager
user518,pass518,StoreManager
user519,pass519,StoreManager
user520,pass520,StoreManager
user521,pass521,StoreManager
user522,pass522,StoreManager
user523,pass523,StoreManager
user524,pass524,StoreManager
user525,pass525,StoreManager
user526,pass526,StoreManager
user527,pass527,StoreManager
user528,pass528,StoreManager
user529,pass529,StoreManager
user530,pass530,StoreManager
user531,pass531,StoreManager
user532,pass532,StoreManager
user533,pass533,StoreManager
user534,pass534,StoreManager
user535,pass535,StoreManager
user536,pass536,StoreManager
user537,pass537,StoreManager
user538,pass538,StoreManager
user539,pass539,StoreManager
user540,pass540,StoreManager
user541,pass541,StoreManager
user542,pass542,StoreManager
user543,pass543,StoreManager
user544,pass544,StoreManager
user545,pass545,StoreManager
user546,pass546,StoreManager
user547,pass547,StoreManager
user548,pass548,StoreManager
user549,pass549,StoreManager
user550,pass550,StoreManager
user551,pass551,StoreManager
user552,pass552,StoreManager
user553,pass553,StoreManager
user554,pass554,StoreManager
user555,pass555,StoreManager
user556,pass556,StoreManager
user557,pass557,StoreManager
user558,pass558,StoreManager
user559,pass559,StoreManager
user560,pass560,StoreManager
user561,pass561,StoreManager
user562,pass562,StoreManager
user563,pass563,StoreManager
user564,pass564,StoreManager
user565,pass565,StoreManager
user566,pass566,StoreManager
user567,pass567,StoreManager
user568,pass568,StoreManager
user569,pass569,StoreManager
user570,pass570,StoreManager
user571,pass571,StoreManager
user572,pass572,StoreManager
user573,pass573,StoreManager
user574,pass574,StoreManager
user575,pass575,StoreManager
user576,pass576,StoreManager
user577,pass577,StoreManager
user578,pass578,StoreManager
user579,pass579,StoreManager
user580,pass580,StoreManager
user581,pass581,StoreManager
user582,pass582,StoreManager
user583,pass583,StoreManager
user584,pass584,StoreManager
user585,pass585,StoreManager
user586,pass586,StoreManager
user587,pass587,StoreManager
user588,pass588,StoreManager
user589,pass589,StoreManager
user590,pass590,StoreManager
user591,pass591,StoreManager
user592,pass592,StoreManager
user593,pass593,StoreManager
user594,pass594,StoreManager
user595,pass595,StoreManager
user596,pass596,StoreManager
user597,pass597,StoreManager
user598,pass598,StoreManager
user599,pass599,StoreManager
user600,pass600,StoreManager
user601,pass601,StoreManager
user602,pass602,StoreManager
user603,pass603,StoreManager
user604,pass604,StoreManager
user605,pass605,StoreManager
user606,pass606,StoreManager
user607,pass607,StoreManager
user608,pass608,StoreManager
user609,pass609,StoreManager
user610,pass610,StoreManager
user611,pass611,StoreManager
user612,pass612,StoreManager
user613,pass613,StoreManager
user614,pass614,StoreManager
user615,pass615,StoreManager
user616,pass616,StoreManager
user617,pass617,StoreManager
user618,pass618,StoreManager
user619,pass619,StoreManager
user620,pass620,StoreManager
user621,pass621,StoreManager
user622,pass622,StoreManager
user623,pass623,StoreManager
user624,pass624,StoreManager
user625,pass625,StoreManager
user626,pass626,StoreManager
user627,pass627,StoreManager
user628,pass628,StoreManager
user629,pass629,StoreManager
user630,pass630,StoreManager
user631,pass631,StoreManager
user632,pass632,StoreManager
user633,pass633,StoreManager
user634,pass634,StoreManager
user635,pass635,StoreManager
user636,pass636,StoreManager
user637,pass637,StoreManager
user638,pass638,StoreManager
user639,pass639,StoreManager
user640,pass640,StoreManager
user641,pass641,StoreManager
user642,pass642,StoreManager
user643,pass643,StoreManager
user644,pass644,StoreManager
user645,pass645,StoreManager
user646,pass646,StoreManager
user647,pass647,StoreManager
user648,pass648,StoreManager
user649,pass649,StoreManager
user650,pass650,StoreManager
user651,pass651,StoreManager
user652,pass652,StoreManager
user653,pass653,StoreManager
user654,pass654,StoreManager
user655,pass655,StoreManager
user656,pass656,StoreManager
user657,pass657,StoreManager
user658,pass658,StoreManager
user659,pass659,StoreManager
user660,pass660,StoreManager
user661,pass661,StoreManager
user662,pass662,StoreManager
user663,pass663,StoreManager
user664,pass664,StoreManager
user665,pass665,StoreManager
user666,pass666,StoreManager
user667,pass667,StoreManager
user668,pass668,StoreManager
user669,pass669,StoreManager
user670,pass670,StoreManager
user671,pass671,StoreManager
user672,pass672,StoreManager
user673,pass673,StoreManager
user674,pass674,StoreManager
user675,pass675,StoreManager
user676,pass676,StoreManager
user677,pass677,StoreManager
user678,pass678,StoreManager
user679,pass679,StoreManager
user680,pass680,StoreManager
user681,pass681,StoreManager
user682,pass682,StoreManager
user683,pass683,StoreManager
user684,pass684,StoreManager
user685,pass685,StoreManager
user686,pass686,StoreManager
user687,pass687,StoreManager
user688,pass688,StoreManager
user689,pass689,StoreManager
user690,pass690,StoreManager
user691,pass691,StoreManager
user692,pass692,StoreManager
user693,pass693,StoreManager
user694,pass694,StoreManager
user695,pass695,StoreManager
user696,pass696,StoreManager
user697,pass697,StoreManager
user698,pass698,StoreManager
user699,pass699,StoreManager
user700,pass700,StoreManager
user701,pass701,StoreManager
user702,pass702,StoreManager
user703,pass703,StoreManager
user704,pass704,StoreManager
user705,pass705,StoreManager
user706,pass706,StoreManager
user707,pass707,StoreManager
user708,pass708,StoreManager
user709,pass709,StoreManager
user710,pass710,StoreManager
user711,pass711,StoreManager
user712,pass712,StoreManager
user713,pass713,StoreManager
user714,pass714,StoreManager
user715,pass715,StoreManager
user716,pass716,StoreManager
user717,pass717,StoreManager
user718,pass718,StoreManager
user719,pass719,StoreManager
user720,pass720,StoreManager
user721,pass721,StoreManager
user722,pass722,StoreManager
user723,pass723,StoreManager
user724,pass724,StoreManager
user725,pass725,StoreManager
user726,pass726,StoreManager
user727,pass727,StoreManager
user728,pass728,StoreManager
user729,pass729,StoreManager
user730,pass730,StoreManager
user731,pass731,StoreManager
user732,pass732,StoreManager
user733,pass733,StoreManager
user734,pass734,StoreManager
user735,pass735,StoreManager
user736,pass736,StoreManager
user737,pass737,StoreManager
user738,pass738,StoreManager
user739,pass739,StoreManager
user740,pass740,StoreManager
user741,pass741,StoreManager
user742,pass742,StoreManager
user743,pass743,StoreManager
user744,pass744,StoreManager
user745,pass745,StoreManager
user746,pass746,StoreManager
user747,pass747,StoreManager
user748,pass748,StoreManager
user749,pass749,StoreManager
user750,pass750,StoreManager
user751,pass751,StoreManager
user752,pass752,StoreManager
user753,pass753,StoreManager
user754,pass754,StoreManager
user755,pass755,StoreManager
user756,pass756,StoreManager
user757,pass757,StoreManager
user758,pass758,StoreManager
user759,pass759,StoreManager
user760,pass760,StoreManager
user761,pass761,StoreManager
user762,pass762,StoreManager
user763,pass763,StoreManager
user764,pass764,StoreManager
user765,pass765,StoreManager
user766,pass766,StoreManager
user767,pass767,StoreManager
user768,pass768,StoreManager
user769,pass769,StoreManager
user770,pass770,StoreManager
user771,pass771,StoreManager
user772,pass772,StoreManager
user773,pass773,StoreManager
user774,pass774,StoreManager
user775,pass775,StoreManager
user776,pass776,StoreManager
user777,pass777,StoreManager
user778,pass778,StoreManager
user779,pass779,StoreManager
user780,pass780,StoreManager
user781,pass781,StoreManager
user782,pass782,StoreManager
user783,pass783,StoreManager
user784,pass784,StoreManager
user785,pass785,StoreManager
user786,pass786,StoreManager
user787,pass787,StoreManager
user788,pass788,StoreManager
user789,pass789,StoreManager
user790,pass790,StoreManager
user791,pass791,StoreManager
user792,pass792,StoreManager
user793,pass793,StoreManager
user794,pass794,StoreManager
user795,pass795,StoreManager
user796,pass796,StoreManager
user797,pass797,StoreManager
user798,pass798,StoreManager
user799,pass799,StoreManager
user800,pass800,StoreManager
user801,pass801,StoreManager
user802,pass802,StoreManager
user803,pass803,StoreManager
user804,pass804,StoreManager
user805,pass805,StoreManager
user806,pass806,StoreManager
user807,pass807,StoreManager
user808,pass808,StoreManager
user809,pass809,StoreManager
user810,pass810,StoreManager
user811,pass811,StoreManager
user812,pass812,StoreManager
user813,pass813,StoreManager
user814,pass814,StoreManager
user815,pass815,StoreManager
user816,pass816,StoreManager
user817,pass817,StoreManager
user818,pass818,StoreManager
user819,pass819,StoreManager
user820,pass820,StoreManager
user821,pass821,StoreManager
user822,pass822,StoreManager
user823,pass823,StoreManager
user824,pass824,StoreManager
user825,pass825,StoreManager
user826,pass826,StoreManager
user827,pass827,StoreManager
user828,pass828,StoreManager
user829,pass829,StoreManager
user830,pass830,StoreManager
user831,pass831,StoreManager
user832,pass832,StoreManager
user833,pass833,StoreManager
user834,pass834,StoreManager
user835,pass835,StoreManager
user836,pass836,StoreManager
user837,pass837,StoreManager
user838,pass838,StoreManager
user839,pass839,StoreManager
user840,pass840,StoreManager
user841,pass841,StoreManager
user842,pass842,StoreManager
user843,pass843,StoreManager
user844,pass844,StoreManager
user845,pass845,StoreManager
user846,pass846,StoreManager
user847,pass847,StoreManager
user848,pass848,StoreManager
user849,pass849,StoreManager
user850,pass850,StoreManager
user851,pass851,StoreManager
user852,pass852,StoreManager
user853,pass853,StoreManager
user854,pass854,StoreManager
user855,pass855,StoreManager
user856,pass856,StoreManager
user857,pass857,StoreManager
user858,pass858,StoreManager
user859,pass859,StoreManager
user860,pass860,StoreManager
user861,pass861,StoreManager
user862,pass862,StoreManager
user863,pass863,StoreManager
user864,pass864,StoreManager
user865,pass865,StoreManager
user866,pass866,StoreManager
user867,pass867,StoreManager
user868,pass868,StoreManager
user869,pass869,StoreManager
user870,pass870,StoreManager
user871,pass871,StoreManager
user872,pass872,StoreManager
user873,pass873,StoreManager
user874,pass874,StoreManager
user875,pass875,StoreManager
user876,pass876,StoreManager
user877,pass877,StoreManager
user878,pass878,StoreManager
user879,pass879,StoreManager
user880,pass880,StoreManager
user881,pass881,StoreManager
user882,pass882,StoreManager
user883,pass883,StoreManager
user884,pass884,StoreManager
user885,pass885,StoreManager
user886,pass886,StoreManager
user887,pass887,StoreManager
user888,pass888,StoreManager
user889,pass889,StoreManager
user890,pass890,StoreManager
user891,pass891,StoreManager
user892,pass892,StoreManager
user893,pass893,StoreManager
user894,pass894,StoreManager
user895,pass895,StoreManager
user896,pass896,StoreManager
user897,pass897,StoreManager
user898,pass898,StoreManager
user899,pass899,StoreManager
user900,pass900,StoreManager
user901,pass901,StoreManager
user902,pass902,StoreManager
user903,pass903,StoreManager
user904,pass904,StoreManager
user905,pass905,StoreManager
user906,pass906,StoreManager
user907,pass907,StoreManager
user908,pass908,StoreManager
user909,pass909,StoreManager
user910,pass910,StoreManager
user911,pass911,StoreManager
user912,pass912,StoreManager
user913,pass913,StoreManager
user914,pass914,StoreManager
user915,pass915,StoreManager
user916,pass916,StoreManager
user917,pass917,StoreManager
user918,pass918,StoreManager
user919,pass919,StoreManager
user920,pass920,StoreManager
user921,pass921,StoreManager
user922,pass922,StoreManager
user923,pass923,StoreManager
user924,pass924,StoreManager
user925,pass925,StoreManager
user926,pass926,StoreManager
user927,pass927,StoreManager
user928,pass928,StoreManager
user929,pass929,StoreManager
user930,pass930,StoreManager
user931,pass931,StoreManager
user932,pass932,StoreManager
user933,pass933,StoreManager
user934,pass934,StoreManager
user935,pass935,StoreManager
user936,pass936,StoreManager
user937,pass937,StoreManager
user938,pass938,StoreManager
user939,pass939,StoreManager
user940,pass940,StoreManager
user941,pass941,StoreManager
user942,pass942,StoreManager
user943,pass943,StoreManager
user944,pass944,StoreManager
user945,pass945,StoreManager
user946,pass946,StoreManager
user947,pass947,StoreManager
user948,pass948,StoreManager
user949,pass949,StoreManager
